{"cameraMode":{"drawMode":0,"name":"Shaded","section":"Shading Mode"},"sceneLighting":true,"audioPlay":false,"sceneViewState":{"showFog":true,"showMaterialUpdate":true,"showSkybox":true,"showFlares":true,"showImageEffects":true,"showParticleSystems":true},"in2DMode":false,"pivot":{"x":234.66033935546876,"y":1206.7281494140625,"z":1417.4747314453125},"rotation":{"x":-0.4773836135864258,"y":-0.1355116218328476,"z":0.07479024678468704,"w":-0.8649640679359436},"size":3.8852903842926027,"orthographic":false}