{"cameraMode":{"drawMode":0,"name":"Shaded","section":"Shading Mode"},"sceneLighting":true,"audioPlay":false,"sceneViewState":{"showFog":true,"showMaterialUpdate":true,"showSkybox":true,"showFlares":true,"showImageEffects":true,"showParticleSystems":true},"in2DMode":false,"pivot":{"x":-196.90115356445313,"y":-155.59671020507813,"z":-464.69598388671877},"rotation":{"x":-0.2816563546657562,"y":0.6144737005233765,"z":-0.24956879019737245,"w":-0.6934303641319275},"size":405.6424255371094,"orthographic":false}